{"stats":{"minecraft:picked_up":{"minecraft:sand":14,"minecraft:spruce_planks":1,"minecraft:dark_oak_planks":2},"minecraft:custom":{"minecraft:jump":27,"minecraft:time_since_rest":3308,"minecraft:leave_game":1,"minecraft:sprint_one_cm":577,"minecraft:play_time":3308,"minecraft:damage_taken":20,"minecraft:time_since_death":3308,"minecraft:walk_one_cm":4605,"minecraft:total_world_time":3308,"minecraft:fall_one_cm":691,"minecraft:fly_one_cm":1090},"minecraft:used":{"minecraft:spruce_planks":1,"minecraft:dark_oak_planks":2,"minecraft:sand":14},"minecraft:mined":{"minecraft:dark_oak_planks":2,"minecraft:spruce_planks":1,"minecraft:sand":14}},"DataVersion":2975}